id,artist,title,duration
WuXLDf6H9JI,Easy Wanderlings,Easy Wanderlings - Faces,252
LbHWzPljLL0,JILLZAY,"Jillzay ft. 104, Скриптонит, Truwer - Аргумент 3 (2016)",227
CtiYkYynNDE,Celia Cruz,CELIA CRUZ & CARLOS ARGENTINO (Mi amor buenas noches),147
EWa6Sz9nkag,Dr BLT,Bye George (Christmas Tribute to George Harrison),296
b84Z3IRg3VA,,"""Minecraft Style"" - A Parody of PSY's Gangnam Style (Music Video)",237
2cVmV2CHXx8,"Diego Carrasco, Carrasco Family Band",Taqatac,152
tWsGEeAJ5lQ,Edward R.,Edward R. -  Call Me Home (Official Video),221
xUcgVJlN2dw,Key Cuddy,Rayven Justice -Back Again,246
4NjPgXszRO0,"Clean Bandit, Jess Glynne",Real Love (Extended),300
b84Z3IRg3VA,,"""Minecraft Style"" - A Parody of PSY's Gangnam Style (Music Video)",237
2cVmV2CHXx8,"Diego Carrasco, Carrasco Family Band",Taqatac,152
tWsGEeAJ5lQ,Edward R.,Edward R. -  Call Me Home (Official Video),221
xUcgVJlN2dw,Key Cuddy,Rayven Justice -Back Again,246
4NjPgXszRO0,"Clean Bandit, Jess Glynne",Real Love (Extended),300
b84Z3IRg3VA,,"""Minecraft Style"" - A Parody of PSY's Gangnam Style (Music Video)",237
2cVmV2CHXx8,"Diego Carrasco, Carrasco Family Band",Taqatac,152
tWsGEeAJ5lQ,Edward R.,Edward R. -  Call Me Home (Official Video),221
xUcgVJlN2dw,Key Cuddy,Rayven Justice -Back Again,246
4NjPgXszRO0,"Clean Bandit, Jess Glynne",Real Love (Extended),300
m9ktk7IYiSA,Juan España,Caballo Negro,210
V40LzMHsW8Y,"Alan Estrada ,Natalia Sosa, Ana Brenda Contreras, Alejandro de la Madrid, Federico di Lorenzo, Sergio Enrique Catalán, Maru Barrios, Erika Tahis Moreno",Rompecabezas,158
s1d-xzNx64w,,Remove - Fictional Characters,433
Iii9yMJdCfA,Villagers,No One To Blame,215
Zf3t9h0ZcfM,Semma,Semma - Fantasy,127
8sQzla6RYFs,Native American Preservation Band,The Dreamcatcher,254
nFpj5z4WFds,Trevor Rabin,Snake Chaos,324
GYwRWLrO3cI,,DJ E-Clyps - Deeper Than Love (Original Mix) [Phoenix Music],257
Df8zqd75Up8,Gorillaz,Intro: I Switched My Robot Off,24
TCH46H6Qj7c,Luther Lackey,She Only Wants to See Me on Friday by Luther Lackey,323
jUUO5JeT-QA,Mel B,Mel B - For Once In My Life,222
Rnm5SR6TW-o,"Groove Da Praia, Anakelly",The Rhythm of the Night,152
uOydfmeTtRA,Self Talk,Fist Fight,149
h6xKMmp4nFI,Ansel Elgort,Year That Trembled and Reel'd Beneath Me - Look Down Fair Moon,54
RXN9viU6Mfw,,Trombone Concerto Flower / Yugo Kanno トロンボーン協奏曲「Flower」 藤原功次郎&龍谷大学吹奏楽部,1340
zSxLRIN4CSw,Spectral Sevenths and the Skipping Mystics,Into the Unknown,123
-0lIa6GpvzY,AFI,Narrative Of Soul Against Soul,150
L-KRoK1l7cY,,H. Hawkline 'Everybody's On The Line',236
DfmdJNzYcLU,Fedde le Grand,Miracle (Radio Edit),214
2nBhhMpI7lk,Lil' Nathan & The Zydeco Big Timers,Darkness to Light,213
g8frL7dKBfU,Amii Stewart,Jib Kidder - Aga Aga (Hiromichi Mix),199
_WbZ51J2SVk,,Bluefoot - I Don't Wanna Forget (feat. Chris Hurt) OFFICIAL MUSIC VIDEO,225
g-VmOnGppzQ,The Modern Electric,The Modern Electric - David Bowie Save Us All (Redux) Official Music Video,260
6AJTukLUdAc,Takahiro Kido,The Three-Day Blow,490
cGgbQFOK_L4,Лицей,Лицей - Осень (Официальный клип),267
Zcf9Wu3sy3s,Artur Rojek,Artur Rojek - Syreny (Official Video),219
VnCZF_8Nki0,Andriëtte,Andriëtte - Mag Hy (Akoestiese Weergawe),272
IPIxlJj6mW8,Gaither Vocal Band,"Gaither Vocal Band - Make It Real / I Believe, Help Thou My Unbelief (Medley/Live)",321
lgKlQP6akvA,,Tchaikovsky - The Nutcracker: Tea,78
z71_E_YqWqA,Asking Alexandria,ASKING ALEXANDRIA - The Final Episode (Let's Change The Channel) Official Music Video,280
TY8Np6xELhA,116,116 - Keep the Faith ft. Diamone,379
8ep7oUenj6s,,The Laurie Berkner Band - O Susannah,158
xBoIO62cqfQ,,Jamsha - A Culiar (video oficial),417
9Fe7ujIRsAU,,Train- Drive By Live in San Fran. 2013,288
ILJOl0CxcA4,Reckless Kelly,Thelma,250
R-s2mZvskT4,,$162 vs $15 Chicken Wings: Pro Chef & Home Cook Swap Ingredients | Epicurious,1244
UubRGWNU8ds,Валерия,ВАЛЕРИЯ - Таю,303
P3jpJOs8JGQ,Killa Mosquito featuring Mr Williamz,Mr.  Williamz -  Ganja Man Ganja Woman HQ Rip DUBSTEP,301
cIt_6zUdpZg,DC Breaks,DC Breaks - Creeper,106
wOfin-mA4uA,L'Orchestra Numerique,Farewell to Music,224
Iwx3Dqvi7w0,The New York Band,The New York Band - Hola (1988),222
An4a-_NjilY,Shane Koyczan and the Short Story Long,"""Shoulders"" by Shane Koyczan and The Short Story Long",430
VkqNvcTT-5Y,"Montserrat Figueras, Maria Cristina Kiehr, Jordi Savall, Rolf Lislevand, Traditional, Jordi Savall",Une jeune fillette (Mélodie populaire - Arrangement Jordi Savall),122
W1Yiw0rU1Hw,,Hoy te Quiero Amar de Potencia al Máximo con Alan Hernandez y la Banda,255
fAIq-k4az7k,Murs & 9th Wonder feat. Suga Free,Murs Feat. Suga Free - Let Me Talk (Produced by 9th Wonder),351
WcqTUTF08p0,Zuna,Zuna - Hurensohn,150
95XQvcOZNOs,,Rhythm 'n' Jazz - Everything's gonna be Alright,257
uUVHZt6pKi4,,Agnus Dei - Missa Brevis in D Major - KV 194 - Mozart,297
EtDR969n6oI,"Ben Davis, Kelli O'Hara",It Never Was You,331
P-t-4WICY8Q,Ricky Naranjo Y Los Gamblers,Preso Sin Delito / Folsum Prison Prison Blues / Polka Alice,369
s6VRMgVPTRQ,,LMNO & Kev Brown - The Cause,234
1Nc6XvSu0lk,,Marco Barrientos - Vasos de barro (Con letras),342
Q_w1LuERD9w,The Naked And Famous,I Kill Giants (Big Black Delta Remix),250
sVIpzt8K5hU,Danny Dodge,"You Need a Man, Not a Hurrican'",179
ybndHV_8_wI,Johnny Mathis,Love Is Here To Stay,280
BabMGFBfCcc,Papa Roach,Live This Down,216
OKfX5UiiAsQ,"Limit T 21, Grupo Manía",A Lo Mania a Lo Limi-T (En Vivo Desde Puerto Rico/2006),289
4RSWOp62XZ8,Syncopaths,Meriweather,167
ThX8S5vebNY,The Motet,So High,243
SipZ2G31uls,John Mellencamp,John Mellencamp - Longest Days,193
hDKxzQkyhvA,,Sizemix - Induced,330
op64PNMzM_Y,Sara Bareilles,Sara Bareilles - Cassiopeia Lyrics (HD),213
hGBF-HBTqyQ,Thomas Shell,Overworld Theme,71
TkcryO6fJ0M,Sean Nicholas Savage,Sean Nicholas Savage - We Used To Live In A Dream,215
e_I9P9vsOa0,"Gordy Haab, Brian Trifon & Brian Lee White",Non-Euclidean,59
tyTBslOOZ_g,,Perky & Ashman (ft. Anita Kelsey) - Good Lovin (Maduk Remix),203
fwxv4LBvH2c,Tamer Hosny,Tamer Hosny - Youm Wara Youm (Day After Day),312
R-SAcHs_yXA,"Béla Bartók, Mikrokosmos String Quartet","String Quartet No.4 (1928, BB 95, Sz 91) , V. Allegro molto",342
SYnjuIjZANs,L'Orchestre d'Academie,Born To Darkness Part 2 (from 'Interview With The Vampire: The Vampire Chronicles'),82
ifim1HULBuQ,The Goo Goo Dolls,So Long (2015 Remaster),153
72f7bgrDRac,,The Misty Mountain String Band - Ship in a Bottle - Live at WFPK 8/8/14,209
o79CDbN_L_A,Iona,Inside My Heart,370
CqL0p77UqnA,Allah-Las,"Allah-Las - ""Come On"" (JAMC)",117
TdcA-O2VxXA,D'Rockmasters,Walk of Life (172 BPM Workout Remix),258
OJ8-X5gDjI0,David Mead,Girl on the Roof - David Mead,204
u34IKeg5PoQ,Junkie XL,Immortan's Citadel (Extended Version),538
ZuOdBBJyPhk,Gregory Isaacs,A Step Away From Your Love,234
X9s_CQx4ylU,AC/DC,AC/DC - Hard as a Rock (Official HD Video),270
uVNXkdsHYA0,Harper Zen,Meditation and Relaxation,97
BmtQs70YrJM,Four Tet,Four Tet - LA Trance,348
hPnHzWegavo,Meat Beat Manifesto,Meat Beat Manifesto - She's Unreal,251
J6M5O-9oAyY,Reyes De Cancion,Tarde (As Made Famous by Rocio Durcal),201
OULRAh9uO6E,Merle Haggard & The Strangers,I'm Looking For My Mind,131
VvWrBAzKuSo,German Rosario,De Año Nuevo El Día,151
QGJuMBdaqIw,,Katy Perry - Firework (Official Music Video),233
lG1T3ePdTVc,ISLAND,I've Been Searching,256
h7Fm4JOEOq8,Scissor Sisters,Filthy/Gorgeous,228
qlDBJ0UrNiQ,,DOGO GANG - ITALIA 90 OFFICIAL VIDEO (prod. Don Joe),109
vcxKk6XsCnk,,Lutan Fyah - One Pants Bwoy [Blaze It up Production] Dancehall October 2014,168
_l1bjtjzZFo,Mujava,Dj Mujava - Township Funk,263
sk4J2hOXtCs,Jon Boden,Just as the Tide Was Flowing,253
xiziOTOZ7yE,Simon James,Sing We the King,176
IDsrKAb2pgI,Jermaine Jackson,Jermaine Jackson 5 - Daddy's Home (1972) HQ,165
Ak-zYC2m62I,Allison,Allison - Llama por favor,135
eZAYs7rIp6g,Phora,Phora - Stay (Raindrops) [Prod. by Moods],173
QR0z5hcCUoA,,Luca Sestak · Boogie Woogie Stomp · SummerJazz Pinneberg 2013 · Boogie Woogie Piano,260
KFbatkzC4SY,,Madonna - Human Nature (Radio Edit),270
moqno3gFDN4,Darrio,Darrio - Mi Bruk (Anxiety) [Bad Gal Riddim] April 2013,167
S8z08w7-AG4,Meat Loaf,Meat Loaf - Where Angels Sing,369
Fy3-1G3Pc1U,Marvin Gaye,You're The Man (Alternate Ver. 2),284
3I2rDgH3bic,Street Military,Street Military - Next Episode,440
WZMOQTwAKQA,Georgie James,Look Me Up,191
V_kgUb4N8-E,,"Motion City Soundtrack - True Romance @ Vans Warped Tour 2013 Uniondale,NY",62
j-_NgjrCuBw,Harold Budd,Harold Budd - How Vacantly You Stare at Me,241
tJ9AoYacRI0,,MAYA BEROVIC FEAT. JALA BRAT & BUBA CORELLI - TO ME RADI (OFFICIAL VIDEO),204
lkKybasBjj0,The Ventures,Barefoot Venture,131
g8zG5a5mJks,ProTracks (Karaoke),Running (In the Style of No Doubt (Karaoke Version Teaching Vocal)),243
Nzoe9_h9BTw,"The Symphony Orchestra Of Rome, Carlo Savina",Naval Battle,162
vpPX8iYoYNA,Hollywood Undead,California,197
uPbN6AeAfZI,,Inside the secret world of the Freemasons,485
QW1p0k3P5fE,Dollarboyz,Chiraq Tangin Song,71
KpDth46l_Vg,Nina Simone,Angel of the Morning,211
VTaEHGJUx44,J Dilla,The Diary,88
-sA1CY_WG1c,,TPR & Roxane Genot - The Landing - Piano & Cello - A Melancholy Tribute To Final Fantasy VIII,241
gAvvaavtGNY,"Euphorik, Abaddon",Therapy,294
kWQLGeJKCfM,The Screaming Blue Messiahs,Screaming Blue Messiahs - Bikini Red,221
IrTkEIMqkNY,Will Downing,"Christmas, Love, and You",261
ExL9d2EBDH4,Scorpions,Scorpions - Lust Or Love,263
lq1neij_Fpo,Terry Butler,Show Your Power (Vineyard Music),337
L2ibTn_rB6o,Dual Tone,Dual Tone - Atom (Dub Massacre 2) (1999),415
d3tzn4PipgI,Posij and Burglar,Posij & Burglar - Faya Lobi,211
v1qLv8NoqAs,Lupe Ríos,Prepare Thyself Zion,321
wZIG80RIflU,,Brahms - 16 Waltzes Op. 39,1262
f5RjkrOWpUs,,Maia Hirasawa - The worrying kind,220
M7eKzq-ezNg,,Sami Beigi - Bazim Mideh,214
FOskk0xlUG0,SOS,"Wazimbo  ""Nwahulwana""",240
q3pOznGvxas,Deitrick Haddon Presents Voices of Unity,We Worship You,368
eMwdeDhAODU,Earl Coolidge,Fatal Fantasy,118
alZba9kK7ug,,Eli Soares-Espirito Santo,270
L7m0SuHun8I,MODOGSTA,Coast To Coast,322
CobxQINJI7Q,Wax Poetic,Mother Earth,228
Z2u_Ok9irCk,luxury elite,Up Next,171
FY3VqVD7emI,,The Black - It Only Makes You Blue - Daytrotter Session,246
80trXtNioAc,"Slim Thug, Lil C",Look Who Creepin,180
KBhfZ7JPjkI,"Mac Montese, Lord Infamous, II Tone",Gonna Make It Shine,357
LvDuTbwmhxc,Orchestral Manoeuvres In The Dark,88 Seconds In Greensboro,256
9liI0uhdz9w,Eitan Katz,Al Tira,255
NKYK-Bi8LkY,"THE FOLD, Ninjago Music",LEGO Ninjago WEEKEND WHIP (The Ghost Whip Remix),228
2jvF2eIfk3c,Steve Mason,Steve Mason - Fight Them Back (Official Video),256
_wf9UxvHQe0,Dirty Dike,Dirty Dike - Pork Pie (OFFICIAL VIDEO),144
X9_cDBDAvbE,Pennywise,PENNYWISE - No Way Out,151
lpY-tvhgnnU,,張震嶽精選歌曲 Selected Songs of A-Yue,3636
WQyTXyUHEr0,Hoku,Just Enough,228
hgtxRKTh1Qg,,Ajey - Want You Back,232
CxyjJ2054Fk,Serenity Spa Music Relaxation,Reiki with Sound of Rain,206
ZnxyyFpPAfc,Sixteen Cities,Forever Reign,304
lNTiBuHcJX8,Skee-Lo,Skee-Lo - I Wish (Street Mix),276
hW610quUyeQ,Aeroplane,Aeroplane 'Love On Hold' (Dimitri From Paris DJ Friendly Re-Touch),345
ZldWD_wAqqE,Sandstorm & Tidy Kid,Fluffy Rabbit - Kid Ikarus Remix,245
AAQ1_1AqGY8,The Lo Yo Yo,Learning to Fly,295
xxsu9060VEg,Pink Martini,Qué sera sera,252
41cqppmEQ9U,,Tip Of My Tongue by Julie Mahendran (Official Music Video),302
L2RmMa6ASu0,INXS,INXS - KissThe Dirt (Falling Down The Mountain),238
Fa2RIlsbOvA,NurlanMusic,Alina Baraz & Galimatias - Fantasy,219
2wKCCO9odPQ,Duncan Fellows,Can't Keep,307
5av6ZXXKrHg,"Jerry Douglas, Mike Auldridge, Rob Ickes",I’m Using My Bible For A Roadmap,235
TC5KquQ64Jw,Geneva Jacuzzi,Geneva Jacuzzi - Clothes on the Bed (Music Video) HD,218
Dm_N_j_-yGI,Vickie Anderson,Vicki Anderson Wide Awake In A Dream,159
SxIumiMqarY,"Young Dro, Trinidad James, B.o.B",Like Rain,253
Zv7b7XZBMIA,Martin Gauffin,Bigtooth Aspen,177
SuQRQNDZfKA,,Alland Byallo - Dead Ringer ft. Aquarius Heaven (Mosca Remix),543
x5_jwdOHm8w,The Dubliners,The Dubliners ~ Will You Come to the Bower,237
kmmGmRmoXYI,George Clinton,I Angle,597
yo8KRrb4Sm8,,Day 31: Release Fear & Relax - The Kundalini Yoga Weight Loss Challenge w/ Mariya,1455
fv56FZ6cJEM,"Yuri, Mijares",Amandote,240
lD3Imodk3FM,"The Chainsmokers, SirenXX",Kanye (Ookay Remix),214
6qI_4QkydG4,Eric Bellinger,Text Threads,158
i1PwA2QJ0ns,Greyson Chance,Greyson Chance - Sunshine & City Lights,271
FHp48M8N3J0,Imagine Dragons,Ready Aim Fire - Imagine Dragons,238
-o1Yjce_mQI,Bonny Cepeda,Corona Records - Bonny Cepeda Como Anillo Al Dedo (Audio Oficial),272
TbmaUdN03p8,Active Child,Take Shelter,332
m8G_VWe3lHU,Spoonboy,Spoonboy - Great Mistake Maker,145
RJuxhDNZlos,"Melissa Nikita, VTONE",I'll Be Around (Original Mix),452
9-v-Oqre96Y,,KOKOKO! - Tongos'a (Official Music Video),225
2Rfg5iVshy0,Noreen Leech,Noreen Leech - Dr. O'Neill's Jig [Audio Stream],170
u-mP0CLmlYY,Voltaj,Voltaj - Meci de box (Official Video),214
kX0o8sZQIzA,Alessio Bernabei,Alessio Bernabei - Io E Te = La Soluzione (Official Video),223
PPRkdHdGvk8,Twinkle Twinkle Little Rock Star,Turning Tables,271
D7144TzUay4,Rich Gang,"Rich Gang Feat. Birdman, Yo Gotti, Mack Maine & Ace Hood)- Dreams Come True",283
H77fRz1rybs,James Brown & The Famous Flames,James Brown - It's A Man's Man's Man's World (Official Video),165
ALtYdwLiVB0,,U.N.L.V. - Torcha,235
loW5Sf_4bks,Iamsu!,IAMSU! - Advancing on My Own (Music Video),190
Mo9t5F91hVs,,Pantaloons by TAPE FIVE (official),209
mf7VB8Gj_RQ,Akwid,Así Es,256
y-L6Zi1mNc8,Michael Giacchino,Beneath The City,189
Ob2W7BG3RdY,Rodnie Bryant,Never In My Life,230
BFY9IN6Lzy0,The Doped up Dollies,Escape from Mount Olivedem,226
Eqe4Yas48co,The Jacka,Taken (feat. Vaheed & Husalah),265
pQESFMmh5uM,"Bonham, The Jason Bonham Band",Bonham- Bringing Me Down,256
smVeMWmKqNo,,"Oxmo, Passi - Nautilus - Black December (son)",287
UqGidwgCxuw,Andy Cherry,Revival's Fire,247
bqJpZN1cwUQ,Barbra Streisand,Barbra Streisand - Clear Sailing,230
msb2woTg0HU,Brandon K. Verrett,Darkness,190
AdThOX9MJSQ,Hans Zimmer,"Little Ducks (From ""Crimson Tide"" Soundtrack)",122
4K5dLC4cMW0,Metrixx,Location (instrumental. Originally performed by Khalid),219
5WwFf37EOCc,Konono No 1,Nsimba and Nzuzi,720
0Sw-ER37pG4,Masta Killa,Masta Killa - E.N.Y. House,157
